round,lfpr,wpr,ur,lfpr_male,lfpr_female,lfpr_f_rural,lfpr_f_urban,lfpr_female_excl_suspect,n_suspect
2017-18,49.79,46.81,5.99,75.8,23.29,24.59,20.35,23.29,0
2018-19,50.22,47.32,5.76,75.54,24.53,26.42,20.4,24.53,0
2019-20,53.52,50.95,4.8,76.84,29.97,33.04,23.33,29.97,0
2020-21,54.47,52.19,4.2,76.35,32.34,36.32,23.1,32.34,0
2021-22,55.17,52.94,4.05,77.2,32.82,36.56,23.75,32.82,0
2022-23,57.86,56.03,3.16,78.54,36.97,41.5,25.42,37.98,4
2023-24,60.13,58.22,3.18,78.8,41.66,47.56,27.98,41.66,0
CY2024,59.61,57.7,3.21,79.23,40.26,45.8,27.63,40.26,0
CY2025,59.27,57.43,3.11,79.06,40.02,45.88,27.67,40.02,0
